paintmark,Video T/S,Additional Video T/S
w.b2c,DSC_2649/20150710_053420,
w4c,DSC_2649/20150710_053420,
w6c,DSC_2649/20150710_053420,
w7c,DSC_2650/20150710_054501,
w3b,DSC_2653/20150710_062528,
w11c,DSC_2650/20150710_054501,
w4b,DSC_2653/20150710_062528,
w5b,DSC_2653/20150710_062528,
w7b,DSC_2655/20150710_063532,
w14c,DSC_2651/20150710_060257,
w15c,DSC_2651/20150710_060257,DSC_2652/20150710_061429
w16c,DSC_2652/20150710_061429,
w17c,DSC_2652/20150710_061429,
w8b,DSC_2655/20150710_063532,
w18c,DSC_2653/20150710_062528,
w9b,DSC_2663/20150711_091648,
w10b,DSC_2663/20150711_091648,
w11b,DSC_2663/20150711_091648,
w12b,DSC_2663/20150711_091648,
w13b,DSC_2664/20150711_092536,
w19c,DSC_2667/20160521_132917,
w20c,DSC_2667/20160521_132917,
w14b,DSC_2664/20150711_092536,DSC_2668/20160521_134505
w15b,DSC_2667/20160521_132917,
w16b,DSC_2667/20160521_132917,
w18b,DSC_2668/20160521_134505,
w17b,DSC_2668/20160521_134505,
w19b,DSC_2668/20160521_134505,
w20b,DSC_2678/20160522_142106,
w21b,DSC_2678/20160522_142106,
w22b,DSC_2679/20160522_143111,
w23b,DSC_2679/20160522_143111,
w24b,DSC_2679/20160522_143111,
w25b,DSC_2679/20160522_143111,
w26b,DSC_2679/20160522_143111,
